FuelGroup,Year,Iron & steel,Chemicals,Non-metallic minerals,Pass Road,Pass Rail,Pass Aviation,Freight Road,Freight Rail,Maritime
Power,2030,0.0005147853254422,0.0008421026685774,0.0007836259586892207,0.003293061883258301,0.0006401197091299723,0.0,0.0011379405413290001,0.0006112640170325965,0.0
Hydrogen,2030,0.0,0.0,0.0,0.00014943156869240006,0.0,3.2762394032017647e-10,7.140807280321499e-05,0.0,0.0
Methanol,2030,0.0,0.0,0.0,0.0,0.0,0.0,0.0,0.0,0.0
Ammonia,2030,0.0,0.0069239098337598,0.0,0.0,0.0,0.0,0.0,0.0,0.0
Synthetic Gases,2030,0.0,0.0,0.0,0.0,0.0,0.0,0.0,0.0,0.0
Biogenic Gases,2030,0.0,0.0,0.0002821052278641074,4.3299390952989776e-05,0.0,0.0,1.4378040293184452e-05,0.0,0.0
Fossil Gases,2030,0.0,0.0,0.0,0.0005753006392829001,0.0,0.0,5.545672524929641e-05,0.0,0.0
Synthetic Liquids,2030,0.0,0.0,0.0,0.0,0.0,0.0,0.0,0.0,0.0
Biogenic Liquids,2030,0.0,0.0,0.0,0.0026903775815497006,1.5808193243232524e-05,0.0007394122816491959,0.0026028361683547003,6.745244893490576e-05,0.0012518333952328
Fossil Liquids,2030,0.0,0.0,0.0,0.026842247768669707,0.00011133246933659519,0.006729963488868162,0.0165521734152812,0.0004082898153106977,0.0120421763211259
Fossil Residuals,2030,0.0,0.0,0.009016695477755037,0.0,0.0,0.0,0.0,0.0,0.0
Biomass [Solid],2030,0.0,0.0,0.0006539468626333172,0.0,0.0,0.0,0.0,0.0,0.0
Renewable Energy Carrier,2030,0.0,0.0,0.000719749825219619,0.0,0.0,0.0,0.0,0.0,0.0
Overall Demand,2030,0.0005147853254422,0.0077660125023372,0.0114561233521613,0.033593718832406,0.0007672603717098,0.0074693760981413,0.0204341929633106,0.0010870062812782,0.0132940097163587
Power,2040,0.0004516249421280635,0.0010053623851599182,0.0016481541833393502,0.004796185913380821,0.0007719435336849976,0.0,0.002692156862472605,0.0006628818471005535,0.0008147123759139833
Hydrogen,2040,3.295516665269094e-05,0.0003006577489425183,0.00048103978635447004,0.00013786418937612705,0.0,3.1837655505858744e-10,0.000283180576207958,0.0,0.0001568124957807016
Methanol,2040,0.0,0.000180394649365511,0.0,0.0,0.0,0.0,0.0,0.0,0.0006272499831228064
Ammonia,2040,0.0,0.005877601114854237,0.0,0.0,0.0,0.0,0.0,0.0,0.0006272499831228064
Synthetic Gases,2040,0.0,0.0,0.0,0.0,0.0,0.0,0.0,0.0,0.0
Biogenic Gases,2040,0.0,0.0,0.00021235190694010602,1.9941523768374678e-05,0.0,0.0,7.720737996248662e-06,0.0,0.0
Fossil Gases,2040,0.0,0.0,0.0,0.00026495456679001957,0.0,0.0,2.9779221441097715e-05,0.0,0.0
Synthetic Liquids,2040,0.0,0.0,0.0,0.0,0.0,0.0011917300459277527,0.0,0.0,0.0
Biogenic Liquids,2040,0.0,0.0,0.0,0.0012390527281694074,1.5104732281617029e-05,0.0005874615335773414,0.0013976742096454082,5.312347484800154e-05,0.0010056032307777035
Fossil Liquids,2040,0.0,0.0,0.0,0.012362190554982133,0.00010637820007042987,0.0053469421190460225,0.008888206709814031,0.00032155650501710503,0.009673532804153197
Fossil Residuals,2040,0.0,0.0,0.00678722792022077,0.0,0.0,0.0,0.0,0.0,0.0
Biomass [Solid],2040,0.0,0.0,0.0004922520024498727,0.0,0.0,0.0,0.0,0.0,0.0
Renewable Energy Carrier,2040,1.647758332634547e-05,0.00024052619915401464,0.0009266163577234304,0.00010356527619411625,3.271612332855528e-06,0.00013241444954752808,0.0001224178901384505,9.551005345940005e-06,0.0001568124957807016
Overall Demand,2040,0.0005010576921071,0.0076045420974762,0.010547642157028,0.018923754752661,0.0008966980783699,0.0072585484664752,0.0134211362077158,0.0010471128323116,0.0130619733686519
Power,2050,0.00030593784360743754,0.001419450189728754,0.005383020327354011,0.011902578406848413,0.000977685274359976,0.0,0.0068201343055389356,0.00098131587115443,0.00438207038697674
Hydrogen,2050,0.000122375137442975,0.0010138929926633959,0.00244682742152455,0.000250580598038914,0.0,3.035395699208192e-10,0.0008023687418281101,0.0,0.0008434429307614663
Methanol,2050,0.0,0.0006083357955980374,0.0,0.0,0.0,0.0,0.0,0.0,0.003373771723045865
Ammonia,2050,0.0,0.0036158085813894954,0.0,0.0,0.0,0.0,0.0,0.0,0.003373771723045865
Synthetic Gases,2050,0.0,0.0,0.0,0.0,0.0,0.0,0.0,0.0,0.0
Biogenic Gases,2050,0.0,0.0,0.0,0.0,0.0,0.0,0.0,0.0,0.0
Fossil Gases,2050,0.0,0.0,0.0,0.0,0.0,0.0,0.0,0.0,0.0
Synthetic Liquids,2050,0.0,0.0,0.0,0.0,0.0,0.006228256963065147,0.0,0.0,0.0
Biogenic Liquids,2050,0.0,0.0,0.0,0.0,0.0,0.0,0.0,0.0,0.0
Fossil Liquids,2050,0.0,0.0,0.0,0.0,0.0,0.0,0.0,0.0,0.0
Fossil Residuals,2050,0.0,0.0,0.0,0.0,0.0,0.0,0.0,0.0,0.0
Biomass [Solid],2050,0.0,0.0,0.0,0.0,0.0,0.0,0.0,0.0,0.0
Renewable Energy Carrier,2050,6.11875687214875e-05,0.0008111143941307167,0.00195746193721964,0.000375870897058371,1.9952760701223998e-05,0.0006920285514516831,0.00040118437091405507,5.164820374497e-05,0.0008434429307614663
Overall Demand,2050,0.0004895005497719,0.0074686019535104,0.0097873096860982,0.0125290299019457,0.0009976380350612,0.0069202858180564,0.0080236874182811,0.0010329640748994,0.0128164996945914
