Category,Country,2005,2010,2015,2020,2025,2030,2035,2040,2045,2050
FE|Transport|Freight|Rail,AT,0.0063134944055525406,0.006146923089346536,0.005161749934731826,0.006325808152914352,0.00648712979878128,0.006489038961190652,0.006266978262411031,0.006250889330320613,0.006207731203066802,0.006166426305882196
FE|Transport|Freight|Rail,BE,0.004396978939884269,0.0042809717777170745,0.0035948563977508644,0.004405554743447716,0.004517905817806873,0.004519235437565376,0.004364583171610842,0.0043533781730755484,0.00432332106611859,0.004294554625322338
FE|Transport|Freight|Rail,BG,0.0011151305943667739,0.001085709681174565,0.0009117019677134578,0.0011173055288059939,0.0011457992109547579,0.0011461364196818987,0.0011069146095227197,0.001104072877313543,0.0010964500071556204,0.0010891544665898095
FE|Transport|Freight|Rail,CY,0.0,0.0,0.0,0.0,0.0,0.0,0.0,0.0,0.0,0.0
FE|Transport|Freight|Rail,CZ,0.0044942798286829915,0.004375705540282033,0.003674407090939797,0.004503045406480132,0.00461788270138801,0.004619241744345042,0.004461167173408416,0.004449714219099085,0.004418991977452692,0.00438958896316011
FE|Transport|Freight|Rail,DE,0.03599764106674158,0.035047901656578326,0.029430741439057537,0.03606785034059905,0.03698765771369285,0.03699854318198284,0.03573242004696138,0.035640685808307634,0.03539461118240331,0.0351591031154535
FE|Transport|Freight|Rail,DK,0.0007525925888717975,0.0007327366533085998,0.0006153002595634166,0.00075406043447527,0.0007732905893317113,0.0007735181687652153,0.0007470476873731263,0.000745129825365763,0.0007399852121556463,0.0007350615110309717
FE|Transport|Freight|Rail,EE,0.0006595468409826318,0.000642145766657553,0.0005392284596626227,0.0006608332115171488,0.0006776858726710221,0.0006778853156347977,0.0006546874757416178,0.0006530067259613239,0.0006484981599177803,0.0006441831937983425
FE|Transport|Freight|Rail,EL,0.00010155602970829049,9.887663847888057e-05,8.302958647708102e-05,0.00010175410310672364,0.00010434905050159954,0.00010437976042892499,0.00010080779196365266,0.00010054899264264397,9.985477043034781e-05,9.919035844292472e-05
FE|Transport|Freight|Rail,ES,0.002992498763667044,0.0029135465343959645,0.0024465896864434766,0.0029983352895890307,0.00307479925626095,0.003075704169734012,0.002970450830795019,0.002962824925662838,0.0029423686404183897,0.002922790757582282
FE|Transport|Freight|Rail,EU27_2020,0.121695611633268,0.118484870179467,0.0994951884098796,0.12193296497841,0.125042516536133,0.125079316550862,0.12079899081969,0.120488868990874,0.119656975532874,0.118860803967107
FE|Transport|Freight|Rail,FI,0.0029394513403277877,0.002861898681335758,0.002403219483451251,0.0029451844033293643,0.003020292908652563,0.003021181780906603,0.00291779424672461,0.002910303524477984,0.00289020986368521,0.0028709790340380637
FE|Transport|Freight|Rail,FR,0.01006511030748605,0.009799558686785777,0.008228974183780545,0.010084741151759252,0.010341923633651978,0.010344967261952073,0.009990953258833824,0.009965303932831841,0.00989650030625508,0.009830651139423349
FE|Transport|Freight|Rail,HR,0.0007352883491728953,0.0007158889579253235,0.0006011527601916207,0.0007367224448397633,0.0007555104438551781,0.000755732790591568,0.0007298709406977519,0.0007279971757813984,0.0007229708518309188,0.000718160360570023
FE|Transport|Freight|Rail,HU,0.003788777465877051,0.003688816713754145,0.0030976065837651965,0.003796167042160496,0.0038929774259760376,0.0038941231292982685,0.0037608627638731867,0.003751207669651421,0.003725308139295477,0.0037005207468261384
FE|Transport|Freight|Rail,IE,2.836760606376571e-05,2.761917275946133e-05,2.319262192097024e-05,2.8422933828691166e-05,2.9147779469717887e-05,2.9156357661708234e-05,2.815860110716298e-05,2.808631079403207e-05,2.7892393974954944e-05,2.7706804034333987e-05
FE|Transport|Freight|Rail,IT,0.006335904814342919,0.006168742235826514,0.005180072106049397,0.006348262270639022,0.006510156544562361,0.006512072483743406,0.006289223557285693,0.006273077515847902,0.006229766194307021,0.0061883146810693245
FE|Transport|Freight|Rail,LT,0.004372582798669432,0.004257219289143939,0.003574910742898831,0.004381111020355043,0.004492838727462916,0.004494160969976309,0.004340366774658683,0.004329223945792683,0.004299333607300131,0.004270726773852812
FE|Transport|Freight|Rail,LU,6.042300091581926e-05,5.882883797765098e-05,4.9400284691665216e-05,6.054084905511048e-05,6.208477027049735e-05,6.210304181943679e-05,5.997782035825546e-05,5.982384199128662e-05,5.9410799166652365e-05,5.9015492593129735e-05
FE|Transport|Freight|Rail,LV,0.004259112374414345,0.004146742598106071,0.0034821402552149307,0.004267419285040254,0.00437624760958402,0.004377535539329451,0.004227732370230007,0.00421687870261653,0.004187764031400287,0.004159899557715453
FE|Transport|Freight|Rail,MT,0.0,0.0,0.0,0.0,0.0,0.0,0.0,0.0,0.0,0.0
FE|Transport|Freight|Rail,NL,0.0018963744653629896,0.0018463416989702352,0.0015504267754170664,0.001900073126448257,0.0019485290575508997,0.0019491025096854545,0.0018824024840140953,0.0018775698765812932,0.001864606537225986,0.0018521998496954732
FE|Transport|Freight|Rail,PL,0.01554459709476377,0.015134478097004044,0.012708861034035757,0.015574915050109975,0.01597210871602344,0.015976809307888393,0.015430068648694157,0.015390455725807805,0.0152841951264581,0.01518249740669602
FE|Transport|Freight|Rail,PT,0.0007803928428142947,0.0007598034426128786,0.0006380290290459731,0.0007819149096273942,0.0008018554132120418,0.0008020913992736964,0.0007746431164581529,0.0007726544099439213,0.000767319758251109,0.0007622141789846257
FE|Transport|Freight|Rail,RO,0.003909623467708714,0.0038064743897094707,0.0031964071531485464,0.003917248740270741,0.0040171469665170574,0.004018329212937167,0.003880818404589722,0.003870855353634018,0.0038441297376288056,0.003818551732012422
FE|Transport|Freight|Rail,SE,0.0061949178122059755,0.006031474947211964,0.005064804775102151,0.006207000289510398,0.006365292080597835,0.006367165386164687,0.006149275309783066,0.006133488551201534,0.006091140996251467,0.0060506118650186565
FE|Transport|Freight|Rail,SI,0.00145469083895009,0.0014163111791053566,0.0011893176521075046,0.0014575280467354677,0.0014946981312073228,0.0014951380208925878,0.0014439730647755008,0.001440266017518147,0.001430321963035871,0.001420804910880827
FE|Transport|Freight|Rail,SK,0.002404721966025735,0.0023412772748198445,0.001966038560240905,0.0024094121006584665,0.0024708572656483097,0.0024715844389833317,0.002387004615854519,0.002380876566010411,0.002364438237257241,0.0023487057779908007
FE|Transport|Freight|Road|Heavy,AT,2967104352187.572,3254715830948.57,3687034321750.257,3632494428074.8315,3193501996166.5503,2715657474585.828,2242342928785.502,1877987041859.4592,1662416541631.891,0.011786416671404969
FE|Transport|Freight|Road|Heavy,BE,13118232848766.85,14389827609356.66,16301204478519.594,16060071393916.852,14119187536436.934,12006529889265.906,9913900279545.838,8303001302908.619,7349915842592.59,0.052110387770515285
FE|Transport|Freight|Road|Heavy,BG,3123572745759.9707,3426351236096.257,3881467772311.315,3824051751430.35,3361909327995.6543,2858865974222.1973,2360591481670.681,1977021514770.0215,1750083038944.5146,0.012407965988061122
FE|Transport|Freight|Road|Heavy,CY,168058644948.11343,184349138862.30957,208835928380.37228,205746754715.16287,180881949001.60944,153816536646.4531,127007704950.73322,106370359792.81413,94160311928.36281,0.0006675900067787544
FE|Transport|Freight|Road|Heavy,CZ,6019203881130.525,6602665709137.864,7479686814175.663,7369044686120.568,6478484518264.965,5509107220579.071,4548919639385.18,3809770587522.1904,3372454390445.951,0.023910465070376266
FE|Transport|Freight|Road|Heavy,DE,33903416982580.91,37189790070949.59,42129648034530.61,41506451632253.664,36490334332499.58,31030276260713.582,25621979650465.176,21458691778434.57,18995490053503.54,0.13467669205718064
FE|Transport|Freight|Road|Heavy,DK,1388898456525.2913,1523529090138.0232,1725896925350.5298,1700366857933.453,1494874957840.9712,1271196435043.7468,1049638389190.6013,879083778057.904,778175451453.9846,0.005517209366367257
FE|Transport|Freight|Road|Heavy,EE,253053821703.49634,277583186103.0345,314454099055.522,309802584686.0684,272362474933.47424,231608808053.86853,191241486764.90863,160166863596.08606,141781619110.53183,0.0010052217343450814
FE|Transport|Freight|Road|Heavy,EL,2275552686768.8545,2496129719308.214,2827686478529.8203,2785858356948.0166,2449183171539.191,2082711266316.4756,1719713522206.59,1440279124551.07,1274952269558.8335,0.009039322160751992
FE|Transport|Freight|Road|Heavy,ES,13956594364944.844,15309454348049.154,17342983707451.627,17086440262266.113,15021518178582.947,12773844566329.867,10547478945621.947,8833630454059.01,7819635099798.474,0.05544066435605547
FE|Transport|Freight|Road|Heavy,EU27_2020,200146255881841.0,219547110651311.0,248709188223221.0,245030195434416.0,215417926643759.0,183184887108928.0,151257417444268.0,126679762626368.0,112138437692072.0,0.795053657383428
FE|Transport|Freight|Road|Heavy,FI,3111982494384.237,3413637502381.613,3867065294491.9766,3809862320070.681,3349434710823.127,2848257937212.095,2351832329605.112,1969685627887.7573,1743589224328.7644,0.012361925297938442
FE|Transport|Freight|Road|Heavy,FR,19454236934167.418,21340002040028.113,24174559019757.152,23816960537201.68,20938644924084.28,17805590121454.418,14702236742056.564,12313286131879.355,10899867832535.705,0.07727929837091141
FE|Transport|Freight|Road|Heavy,HR,799727344925.5481,877247626310.3475,993770969534.2385,979070763817.0343,860748584904.2565,731954553696.9539,604381492524.211,506176194876.17706,448073208486.71594,0.0031768076184645875
FE|Transport|Freight|Road|Heavy,HU,4062383107194.327,4456163666982.336,5048068475677.616,4973395691563.411,4372353318970.2344,3718116972040.376,3070082798981.7246,2571228352233.3706,2276082022820.2344,0.01613726188799788
FE|Transport|Freight|Road|Heavy,IE,1350264285272.8645,1481149977755.8975,1677888665952.7595,1653068753401.2476,1453292900599.236,1235836311676.758,1020441215638.7185,854630821783.7023,756529402734.8281,0.005363740399291734
FE|Transport|Freight|Road|Heavy,IT,36439750325303.75,39971978798837.27,45281390263995.51,44611572194794.195,39220196390420.586,33351668359757.324,27538774094147.05,23064028357836.57,20416553151916.74,0.14475192974569281
FE|Transport|Freight|Road|Heavy,LT,14767911961246.146,16199415708074.168,18351157154805.23,18079700457442.844,15894741380659.752,13516407157036.941,11160619590211.742,9347142535817.465,8274202122900.951,0.05866351266464282
FE|Transport|Freight|Road|Heavy,LU,56019548316.0378,61449712954.10318,69611976126.79076,68582251571.72095,60293983000.536476,51272178882.15102,42335901650.2444,35456786597.604706,31386770642.7876,0.00022253000225958477
FE|Transport|Freight|Road|Heavy,LV,463610055029.3012,508549348585.70654,576099112773.4691,567577254386.6841,498984686901.01605,424321480404.02936,350366082622.72955,293435475290.53613,259752584629.97913,0.0018416276049069993
FE|Transport|Freight|Road|Heavy,MT,0.0,0.0,0.0,0.0,0.0,0.0,0.0,0.0,0.0,0.0
FE|Transport|Freight|Road|Heavy,NL,1224703228702.4224,1343417862513.9282,1521861822909.937,1499349913671.513,1318151214563.5374,1120915910733.9944,925550401595.0577,775158713892.5114,686179744397.5386,0.004864966256296063
FE|Transport|Freight|Road|Heavy,PL,21492189467733.758,23575500218186.152,26706994702990.57,26311935551276.52,23132098443586.703,19670836629063.83,16242387646919.006,13603179575344.025,12041696902471.674,0.08537478638414857
FE|Transport|Freight|Road|Heavy,PT,2435884497466.4985,2672003035694.1157,3026920755030.658,2982145490756.758,2621748709092.4707,2229455778289.5454,1840881792446.9587,1541758893089.054,1364783371743.374,0.009676218374115704
FE|Transport|Freight|Road|Heavy,RO,10751889859554.734,11794106975950.387,13360698590404.941,13163062491318.082,11572286530379.604,9840722333036.955,8125573399492.28,6805257731113.139,6024095358543.707,0.04271041353713559
FE|Transport|Freight|Road|Heavy,SE,4122266072635.61,4521851291174.654,5122481277744.1875,5046707753588.355,4436805507694.947,3772925163259.228,3115338417987.1587,2609130434458.397,2309633398334.939,0.016375138786965025
FE|Transport|Freight|Road|Heavy,SI,1300039862644.6836,1426057131659.1052,1615477928735.6255,1591581217509.3489,1399236226184.9521,1189868151299.649,982484890021.2512,822841978627.2234,728389539399.91,0.00516423074209345
FE|Transport|Freight|Road|Heavy,SK,1145503177634.9165,1256540682130.5364,1423444891144.469,1402388799380.454,1232907997217.9468,1048427657831.639,865696195813.6746,725030153530.3779,641805344523.2502,0.004550354873791116
FE|Transport|Freight|Road|Light,AT,0.0025440819613162914,278056098797.52856,38628848150.90299,625584210004.3945,725799718547.3442,583652354113.3687,446339815840.05066,364876190313.11475,31916108909.533127,0.0020719569580430978
FE|Transport|Freight|Road|Light,BE,0.11388508073892349,12447099481465.85,1729209026049.2473,28004093165490.863,32490210930266.438,26127025969427.875,19980270579663.46,16333575342840.035,1428715228244.396,0.09275054382769406
FE|Transport|Freight|Road|Light,BG,0.0022026886098895798,240743423775.05774,33445197571.828445,541636328882.46246,628403800433.4324,505331358065.0497,386444950846.7951,315913025068.8806,27633248706.59849,0.001793918616246811
FE|Transport|Freight|Road|Light,CY,0.0006360204903290729,69514024699.38214,9657212037.725748,156396052501.09863,181449929636.83606,145913088528.34216,111584953960.01266,91219047578.27869,7979027227.383282,0.0005179892395107744
FE|Transport|Freight|Road|Light,CZ,0.016405587353488103,1793052931216.4116,249099263443.69,4034098177748.9165,4680340832103.083,3763699371745.7573,2878235430086.202,2352914844886.771,205811967012.20944,0.013361075383851414
FE|Transport|Freight|Road|Light,DE,0.038002224297162095,4153462975788.083,577018419254.1134,9344664136940.643,10841633295800.953,8718307039568.442,6667200999110.756,5450338092802.151,476746876836.15106,0.030949857060768773
FE|Transport|Freight|Road|Light,DK,0.0014544292095024956,158962218246.37943,22083771645.09319,357640972998.8318,414933294978.3483,333668900972.89624,255168534423.26135,208596498506.20847,18246157850.85421,0.0011845195109400665
FE|Transport|Freight|Road|Light,EE,0.00019174147134914555,20956433916.71892,2911365393.72523,47148809945.16934,54701817022.852516,43988504629.85404,33639581708.522667,27499859931.67832,2405442031.7839103,0.0001561585207348168
FE|Transport|Freight|Road|Light,EL,0.004480203159817989,489664968102.9965,68026537736.33225,1101672193353.3176,1278154651412.4077,1027828961839.3424,786017543335.9648,642557702794.0458,56205206498.77293,0.0036487771430243946
FE|Transport|Freight|Road|Light,ES,0.020731462011976315,2265850525679.125,314782507082.63403,5097821328951.251,5914467191765.397,4756122951809.857,3637177212534.8237,2973338514077.2744,260081086021.98587,0.016884163961406344
FE|Transport|Freight|Road|Light,EU27_2020,0.930521360457697,101701573797869.0,14128856255753.0,228813174663979.0,265467918011987.0,213476212968749.0,163252890031512.0,133456820248477.0,11673610180251.0,0.757837301126305
FE|Transport|Freight|Road|Light,FI,0.0011130358580758773,121649543223.91875,16900121066.020058,273693091876.9226,317537376864.4631,255347904924.59875,195273669430.02216,159633333261.9877,13963297647.920742,0.0009064811691438553
FE|Transport|Freight|Road|Light,FR,0.03732411421556126,4079348758277.7134,566722127008.0089,9177918345671.092,10648175650232.271,8562737937828.669,6548231746726.921,5353082490604.724,468239825748.13226,0.0303975891215845
FE|Transport|Freight|Road|Light,HR,0.0016555239233565296,180940917232.21228,25137154862.903366,407089724892.5588,472303493319.4036,379803186316.4137,290449071337.087,237437815019.92734,20768938518.33555,0.0013482955204912582
FE|Transport|Freight|Road|Light,HU,0.006252642614485021,683384198699.067,94938915400.28831,1537511192602.6987,1783812911209.174,1434454407076.4097,1096978554739.2324,896763725089.3937,78440877963.31877,0.0050922912737198485
FE|Transport|Freight|Road|Light,IE,0.002039006866054914,222853785065.6603,30959885650.355244,501387344782.9204,581707127365.1353,467780195576.1432,357728234754.1487,292437534883.29736,25579822581.90454,0.0016606125619609677
FE|Transport|Freight|Road|Light,IT,0.5797280003136983,63361522380952.37,8802477763474.99,142553851883777.34,165390276673317.2,132998707303227.23,101708865056949.05,83145491139310.12,7272824648442.023,0.4721433830696634
FE|Transport|Freight|Road|Light,LT,0.0160501641383042,1754206858590.2854,243702586128.4902,3946700383704.183,4578942342011.908,3682159704626.976,2815879132285.017,2301939494769.4966,201353098855.73044,0.01307161080883068
FE|Transport|Freight|Road|Light,LU,0.00021044795635882964,23000964054.93664,3195401041.893718,51748693842.261826,60038579659.231606,48280066057.15948,36921492119.112236,30182773095.746128,2640119303.177605,0.0001713934983674911
FE|Transport|Freight|Road|Light,LV,0.0007997022341637388,87403663408.77957,12142523959.198954,196645036600.6407,228146602705.1332,183464251017.2487,140301670052.65915,114694537763.86197,10032453352.077234,0.0006512952937966177
FE|Transport|Freight|Road|Light,NL,0.0047514471924583615,519310655107.1484,72145054634.77461,1168370509861.1472,1355537709639.891,1090056602535.2606,833605244289.5054,681459943673.0223,59608026933.98091,0.003869684318698134
FE|Transport|Freight|Road|Light,PL,0.03317127454341261,3625463067593.512,503666213114.6231,8156744120516.859,9463414344956.459,7610011300967.14,5819647635576.25,4757475768181.845,416141471498.74725,0.027015424087131795
FE|Transport|Freight|Road|Light,PT,0.0023944300812388185,261699857691.7868,36356562965.55509,588785138827.6547,683105617456.3114,549319862694.92505,420084532555.3341,343412885000.57227,30038690738.383568,0.0019500771369817035
FE|Transport|Freight|Road|Light,RO,0.03586033176355388,3919364274962.2207,544496337538.8308,8817977430723.703,10230573973935.72,8226923256142.11,6291422257098.357,5143144535516.475,449876329261.5807,0.02920545212182806
FE|Transport|Freight|Road|Light,SE,0.002712440326403355,296456870041.4779,41185168984.41796,666983165078.204,773830582274.7295,622276406959.0962,475877009535.34045,389022408789.7117,34028204352.07521,0.002209071756737091
FE|Transport|Freight|Road|Light,SI,0.001936121198501698,211608869305.46796,29397689585.429268,476087983348.9232,552354932865.0636,444176607725.97394,339677727495.9142,277681512480.9311,24289097589.239803,0.001576820184981297
FE|Transport|Freight|Road|Light,SK,0.0039844813070615,435484919440.2422,60499593059.86946,979775270080.4012,1136730441548.4016,914102584015.7804,699046917455.3657,571460503946.269,49986258806.841774,0.00324505023575864
FE|Transport|Pass|Aviation,AT,652365057505.1566,6697582068615.671,5819972987893.658,5706221487755.7705,5640751424676.269,5686084551852.584,5633263257863.292,5514893068392.406,538914887201.3135,527637195140.3277
FE|Transport|Pass|Aviation,BE,626421780255.1456,6431232382175.844,5588524091182.469,5479296264824.67,5416429817586.492,5459960135318.288,5409239440462.722,5295576600976.711,517483300435.62964,506654100041.2536
FE|Transport|Pass|Aviation,BG,167400756107.72473,1718639417426.0935,1493439704489.7383,1464250392596.9568,1447450384785.621,1459083135005.3596,1445528876617.8677,1415154381555.5164,138288767243.63177,135394844345.03418
FE|Transport|Pass|Aviation,CY,153137822933.28122,1572207347872.366,1366195173458.526,1339492858725.2244,1324124250594.0012,1334765863480.3318,1322366459384.4507,1294579941839.9727,126506243127.05713,123858889179.96494
FE|Transport|Pass|Aviation,CZ,274409341062.0673,2817255555020.919,2448100084812.261,2400251914775.3296,2372712737650.1104,2391781560257.363,2369562932342.0674,2319771967420.8027,226687921715.18445,221944099201.1597
FE|Transport|Pass|Aviation,DE,3146071197729.7046,32299507458423.52,28067182903389.02,27518609195822.65,27202875731256.54,27421497565874.496,27166763579535.547,26595915954452.227,2598950672091.144,2544563298393.325
FE|Transport|Pass|Aviation,DK,576449124245.1145,5918182271714.895,5142700844266.177,5042186643081.306,4984335352469.908,5024393048938.229,4977718586056.867,4873123173914.21,476201187043.7991,466235883664.5482
FE|Transport|Pass|Aviation,EE,58562681150.08659,601240607001.3591,522457814794.0411,512246365305.32214,506369130795.45465,510438676583.998,505696919553.5711,495070851244.25793,48378281980.493614,47365885812.61464
FE|Transport|Pass|Aviation,EL,406272114545.23004,4171040122478.044,3624493226890.8145,3553652427001.182,3512879763504.396,3541111786702.119,3508216372462.5615,3434499200424.916,335618973248.657,328595586958.88715
FE|Transport|Pass|Aviation,ES,3626473147340.3184,37231610192044.6,32353013877778.883,31720673509492.883,31356727858233.633,31608733030028.984,31315101416783.938,30657085925881.652,2995807860420.316,2933115588734.9727
FE|Transport|Pass|Aviation,EU27_2020,15358660568302.0,157681482839692.0,137019891867888.0,134341835065713.0,132800470357939.0,133867750257116.0,132624176102083.0,129837381284406.0,12687697988276.0,12422186765126.0
FE|Transport|Pass|Aviation,FI,311238755262.83234,3195369038124.9917,2776667952361.9507,2722397916122.439,2691162612046.266,2712790726415.9824,2687590060617.8003,2631116480361.928,257112481356.0706,251731974232.1571
FE|Transport|Pass|Aviation,FR,2554188657691.0703,26222876220616.734,22786795250186.87,22341426835516.32,22085093528555.496,22262585192033.344,22055775295580.62,21592323441627.07,2110000032212.91,2065844765440.5557
FE|Transport|Pass|Aviation,HR,73973624554.29108,759458857683.2405,659944139818.0006,647045517080.8057,639621670861.4661,644762129705.8397,638772565235.6354,625350215504.2959,61109170508.0065,59830359282.97139
FE|Transport|Pass|Aviation,HU,319972019046.978,3285030110937.314,2854580401434.9546,2798787564663.5664,2766675807558.127,2788910800167.621,2763003011434.9385,2704944799879.5576,264326978535.1979,258795496035.59274
FE|Transport|Pass|Aviation,IE,745567921921.3217,7654460163596.087,6651467788321.572,6521464704009.278,6446640986342.799,6498450820475.083,6438082991236.344,6302801349207.956,615909218191.029,603020291450.9403
FE|Transport|Pass|Aviation,IT,2413301118820.9014,24776437845089.89,21529889073005.98,21109086917231.184,20866892804193.805,21034594132270.207,20839191747646.137,20401303624426.305,1993613675762.9592,1951893987445.227
FE|Transport|Pass|Aviation,LT,110948926583.25136,1139070115217.3022,989813522845.2444,970467595756.8159,959332981573.4817,967042869987.9673,958059455255.0223,937928019166.959,91654247214.5622,89736229359.2099
FE|Transport|Pass|Aviation,LU,89510358527.95232,918968551940.6201,798552685764.046,782944955945.7545,773961873924.922,780181987065.6587,772934430029.1531,756692974456.5929,73943973875.48495,72396573002.10403
FE|Transport|Pass|Aviation,LV,120793112019.66936,1240136594944.5056,1077636885958.6436,1056574449305.2937,1044451892199.398,1052845857274.9529,1043065369481.3956,1021147727829.6075,99786470151.73888,97698271979.91203
FE|Transport|Pass|Aviation,MT,143931177354.70493,1477686245569.6343,1284059522629.3103,1258962550999.1572,1244517903555.0457,1254519742698.0107,1242865790749.1545,1216749798578.453,118900688067.96861,116412493034.36404
FE|Transport|Pass|Aviation,NL,1484829780806.8677,15244178394395.387,13246677020017.62,12987770426120.447,12838755854764.469,12941937312008.547,12821712248642.953,12552293185705.584,1226609035279.8499,1200940197198.668
FE|Transport|Pass|Aviation,PL,928358245258.0497,9531098370704.31,8282203113626.294,8120327271490.704,8027159079573.955,8091671091542.242,8016502927282.048,7848054387428.753,766911215231.1996,750862320073.7292
FE|Transport|Pass|Aviation,PT,1136809570710.7104,11671188253614.502,10141869062113.312,9943646008085.885,9829558054650.053,9908555438478.928,9816509195576.23,9610237626108.734,939111613230.5929,919459137790.7117
FE|Transport|Pass|Aviation,RO,431873007587.30365,4433874681451.62,3852887596357.247,3777582823489.7505,3734240905151.5635,3764251945368.5947,3729283654474.767,3650921257305.6543,356767718460.0955,349301759434.565
FE|Transport|Pass|Aviation,SE,454153102676.6244,4662615880325.698,4051655985460.4966,3972466280053.3613,3926888375568.8687,3958447669133.5693,3921675383008.4165,3839270312114.199,375173172268.1436,367322048450.88165
FE|Transport|Pass|Aviation,SI,23540010509.775124,241676267714.64236,210008527779.77167,205903906482.32062,203541477723.70343,205177283133.4115,203271273911.515,198999991334.17264,19446262430.284927,19039316983.732536
FE|Transport|Pass|Aviation,SK,30696644346.004524,315150684993.34424,273855318977.30856,268502810740.72263,265422156406.8628,267555279366.18463,265069805233.51736,259499967355.85297,25358315003.030495,24827650004.565117
FE|Transport|Pass|Domestic Aviation,AT,0.00044930528257256864,0.0004414991637725667,0.00020631104786794107,0.00022247323151799745,0.00023166784847305843,0.00029411375685073604,0.0003291162751694205,0.00030175716207894384,0.00027662418069329393,0.0002601462250539957
FE|Transport|Pass|Domestic Aviation,BE,1.140203959206158e-05,1.1203943377593899e-05,5.235564386425922e-06,5.645712820063244e-06,5.879045012276036e-06,7.463737530485037e-06,8.351997952010442e-06,7.657704555602575e-06,7.019903799766942e-06,6.601742006698845e-06
FE|Transport|Pass|Domestic Aviation,BG,0.0003895696860620915,0.0003828013987344459,0.00017888178320287992,0.0001928951880188213,0.00020086737125275814,0.00025501103229156393,0.0002853599300270143,0.0002616382389830796,0.00023984671315869615,0.0002255595185622033
FE|Transport|Pass|Domestic Aviation,CY,1.501336174043696e-06,1.4752523308575598e-06,6.89380364048965e-07,7.433856738161569e-07,7.741091297302969e-07,9.827697104197382e-07,1.0997292677024427e-06,1.0083098525170652e-06,9.243289700760744e-07,8.692685204550083e-07
FE|Transport|Pass|Domestic Aviation,CZ,3.530845119224715e-05,3.46950108982167e-05,1.6212859822964618e-05,1.748295767113755e-05,1.8205512460901777e-05,2.3112795757204117e-05,2.5863452732757025e-05,2.3713449279231543e-05,2.173838537281609e-05,2.0443472726548225e-05
FE|Transport|Pass|Domestic Aviation,DE,0.021581173242608966,0.021206227278896605,0.009909597413164403,0.010685904522962059,0.01112754326860612,0.014126964862927313,0.01580821687812283,0.014494095316967263,0.01328690001696682,0.012495425647247418
FE|Transport|Pass|Domestic Aviation,DK,0.0028233370658203106,0.0027742851062661014,0.0012964139330805828,0.0013979735940365591,0.0014557505752165005,0.0018481471362407761,0.0020680953790042805,0.001896176638957336,0.0017382464283121572,0.001634702524579266
FE|Transport|Pass|Domestic Aviation,EE,0.00010301736008650924,0.00010122756196374183,4.7303293178183354e-05,5.1008981843424526e-05,5.3117136816127424e-05,6.743482431901888e-05,7.546025195905148e-05,6.918731524049878e-05,6.342478919444712e-05,5.9646699874277725e-05
FE|Transport|Pass|Domestic Aviation,EL,0.020752990222132676,0.020392432905286348,0.009529314088199703,0.010275830214913078,0.010700520961196072,0.013584838987803797,0.015201572528657179,0.013937880717152204,0.012777011844293598,0.012015910505121472
FE|Transport|Pass|Domestic Aviation,ES,0.08682966265863264,0.08532110558537388,0.03987026056438364,0.042993653519227445,0.044770542239324654,0.05683841094498556,0.06360275798406828,0.05831552310740782,0.05345849520240159,0.050274078314907975
FE|Transport|Pass|Domestic Aviation,EU27_2020,0.27394211652995,0.269182713983617,0.125788160764229,0.135642268802959,0.141248240793606,0.179321606438608,0.200662695279579,0.183981802271879,0.168658185162212,0.158611550459699
FE|Transport|Pass|Domestic Aviation,FI,0.0024415175205485234,0.002399099199293621,0.0011210908431083205,0.0012089158834149903,0.001258879280822605,0.0015982093205624407,0.0017884124297916004,0.0016397434589426353,0.0015031712511881599,0.001413630311082097
FE|Transport|Pass|Domestic Aviation,FR,0.044819666077524356,0.04404098028960229,0.02058019932594891,0.022192429812382494,0.023109622815939083,0.02933880566767453,0.03283042093187406,0.03010126024657912,0.027594163453085428,0.025950433681725966
FE|Transport|Pass|Domestic Aviation,HR,0.0007949913180339274,0.0007811793355929228,0.0003650424293487013,0.00039363945720623483,0.0004099082190824997,0.0005203986961201866,0.0005823314159256415,0.0005339227765891468,0.0004894530078753261,0.00046029725970075507
FE|Transport|Pass|Domestic Aviation,HU,1.6906938896888464e-07,1.6613201924071616e-07,7.763292387938793e-08,8.371460290722485e-08,8.717445154620458e-08,1.1067226468690743e-07,1.238433860025273e-07,1.135484068149848e-07,1.0409110023379214e-07,9.789059915033875e-08
FE|Transport|Pass|Domestic Aviation,IE,0.00027440638107203145,0.00026963891250842537,0.00012600134077318936,0.00013587214910252882,0.0001414876218375379,0.00017962551247742051,0.0002010027692175221,0.00018429360619697473,0.00016894401932343733,0.00015888035804495013
FE|Transport|Pass|Domestic Aviation,IT,0.06697305128571074,0.06580947806497871,0.030752543817324625,0.033161664734592,0.034532206272314306,0.04384033859698939,0.04905778327305473,0.044979657875443564,0.04123335771697151,0.038777168103985724
FE|Transport|Pass|Domestic Aviation,LT,3.381387779377693e-07,3.322640384814323e-07,1.5526584775877586e-07,1.674292058144497e-07,1.7434890309240916e-07,2.2134452937381487e-07,2.476867720050546e-07,2.270968136299696e-07,2.0818220046758428e-07,1.957811983006775e-07
FE|Transport|Pass|Domestic Aviation,LU,0.0,0.0,0.0,0.0,0.0,0.0,0.0,0.0,0.0,0.0
FE|Transport|Pass|Domestic Aviation,LV,0.0,0.0,0.0,0.0,0.0,0.0,0.0,0.0,0.0,0.0
FE|Transport|Pass|Domestic Aviation,NL,5.606340938208214e-06,5.508937758022148e-06,2.574307755840504e-06,2.775976232403576e-06,2.8907048132721438e-06,3.6698922970178505e-06,4.106646679843806e-06,3.765265169984896e-06,3.4516608837525473e-06,3.246052267825233e-06
FE|Transport|Pass|Domestic Aviation,PL,0.003146989978511214,0.0030923149533389777,0.0014450281919213674,0.0015582301326739119,0.0016226303713004248,0.002060009265976209,0.0023051712496966296,0.0021135446250913894,0.0019375101033117027,0.0018220964563447355
FE|Transport|Pass|Domestic Aviation,PT,0.013413748911973404,0.01318070175757377,0.006159296810448062,0.006641809439967487,0.00691630940237788,0.008780595819760421,0.009825575725906416,0.009008785254740156,0.008258454655940755,0.007766514836620951
FE|Transport|Pass|Domestic Aviation,RO,0.001486674476632314,0.001460845362149005,0.0006826480368901444,0.0007361259434520422,0.0007665493612922098,0.0009731722116260895,0.0010889895692683036,0.0009984629346780696,0.0009153021898637998,0.0008607794476966908
FE|Transport|Pass|Domestic Aviation,SE,0.0076043894514913725,0.007472272670847389,0.0034917674396131985,0.0037653087123929252,0.003920925507689064,0.004977808267306545,0.005570217908150791,0.005107171157851839,0.004681801179027482,0.004402915537336002
FE|Transport|Pass|Domestic Aviation,SK,3.3002344726726287e-06,3.24289701557878e-06,1.5153946741256526e-06,1.6341090487490293e-06,1.7016452941819136e-06,2.1603226066884336e-06,2.4174228947693335e-06,2.2164649010285034e-06,2.0318582765636227e-06,1.910824495414613e-06
FE|Transport|Pass|Rail,AT,0.007438026912808503,0.007198101716592834,0.0066420406901660295,0.006852037438784074,0.007505606613291381,0.008303217783836945,0.009341883810574622,0.009703980168377847,0.010227920409448048,0.010796342649748228
FE|Transport|Pass|Rail,BE,0.0063668109675227786,0.006161439517734062,0.005685461750623595,0.005865215012868871,0.0064246579185032,0.007107398060207083,0.007996476619366233,0.008306424282797197,0.008754907262527733,0.00924146599593255
FE|Transport|Pass|Rail,BG,0.0008446635883580171,0.0008174176426860475,0.0007542712589160592,0.0007781185250405991,0.0008523379505214197,0.000942914809320801,0.0010608658981692473,0.0011019856215177552,0.0011614843634953393,0.0012260344887937114
FE|Transport|Pass|Rail,CY,0.0,0.0,0.0,0.0,0.0,0.0,0.0,0.0,0.0,0.0
FE|Transport|Pass|Rail,CZ,0.005303553535946475,0.005132479118272473,0.004735989638269454,0.00488572410571977,0.005351740046113166,0.0059204625841525,0.0066610650239320715,0.006919251427570066,0.007292837749685602,0.007698141174611815
FE|Transport|Pass|Rail,DE,0.05380379721621261,0.052068271551198086,0.04804594210060322,0.049564977002083975,0.05429264251663116,0.06006225187412345,0.06757555841805772,0.070194822805825,0.07398480297320119,0.07809654864296084
FE|Transport|Pass|Rail,DK,0.003199853078760819,0.003096636810954506,0.002857418318167571,0.002947759311884343,0.003228925992207729,0.0035720598084257385,0.0040188958742831404,0.004174670404129152,0.00440007047502539,0.004644606785122428
FE|Transport|Pass|Rail,EE,0.00021647157289575266,0.00020948894360293697,0.00019330569952118274,0.00019941731043752152,0.00021843836922908678,0.0002416515340470165,0.0002718802050584245,0.00028241842561507627,0.0002976668469259129,0.00031420984386167506
FE|Transport|Pass|Rail,EL,0.0003570719817619005,0.00034555406628625,0.00031885964651413813,0.000328940808638394,0.00036031623159605246,0.0003986065745432784,0.00044846906373612034,0.00046585196186020686,0.000491004382306761,0.0005182922179385477
FE|Transport|Pass|Rail,ES,0.01837461645227076,0.017781914448180523,0.01640824261229971,0.01692701052713958,0.018541562752800257,0.020511950801757668,0.023077831523490973,0.02397234048015274,0.025266662359655065,0.026670870864261374
FE|Transport|Pass|Rail,EU27_2020,0.227557782492974,0.220217550163213,0.203205509794476,0.2096301160787,0.229625304829703,0.254027290919377,0.285804069971924,0.296881986897526,0.31291132919682,0.330301546527125
FE|Transport|Pass|Rail,FI,0.0027584208516792477,0.002669443671058286,0.002463226303457676,0.002541104404325442,0.0027834830431915153,0.0030792802095847235,0.003464473495340425,0.003598758320521891,0.0037930635714901457,0.004003865142737783
FE|Transport|Pass|Rail,FR,0.053754984998794934,0.052021033848228794,0.04800235356051511,0.049520010353651986,0.05424338680592263,0.06000776182232853,0.06751425209730924,0.07013114021965688,0.0739176820175218,0.0780256974036587
FE|Transport|Pass|Rail,HR,0.0006059081770759132,0.0005863636607710205,0.0005410664432676747,0.0005581729620580168,0.00061141327857755,0.0006763873820630358,0.0007609980249430142,0.0007904947109128608,0.0008331753411505498,0.0008794795139462412
FE|Transport|Pass|Rail,HU,0.005520025108842251,0.005341968061875433,0.004929295337790658,0.005085141416157312,0.005570178415342276,0.006162114118199543,0.006932945228990526,0.007201669853185172,0.007590504596611546,0.008012351018473524
FE|Transport|Pass|Rail,IE,0.0011858185427010986,0.0011475681101779506,0.0010589172510536277,0.0010923962961468098,0.0011965925373212019,0.0013237528887135482,0.001489343770356937,0.0015470715226709533,0.0016306014776457643,0.0017212230417424101
FE|Transport|Pass|Rail,IT,0.029070328310128443,0.028132619384680643,0.025959344564868172,0.026780082980841585,0.029334452667725802,0.03245178725973393,0.036511245870974686,0.03792644107322852,0.039974176985096505,0.04219576361526179
FE|Transport|Pass|Rail,LT,0.00020798249160573252,0.0002012736909126348,0.00018572508385369374,0.0001915970237537058,0.00020987215867109287,0.00023217500330008513,0.00026121823623261574,0.00027134319323802666,0.0002859936372425567,0.00030188788920044654
FE|Transport|Pass|Rail,LU,0.0002679366282165638,0.0002592939130379559,0.0002392631820053919,0.0002468277984582134,0.0002703710207369897,0.0002991030017003593,0.0003365183910649707,0.00034956202190102286,0.0003684356806313482,0.0003889116939954661
FE|Transport|Pass|Rail,LV,0.0003247073593436404,0.0003142334154044165,0.00028995854928178427,0.0002991259656562928,0.0003276575538436417,0.00036247730107053747,0.0004078203075876511,0.00042362763842262926,0.00044650027038888507,0.00047131476579252913
FE|Transport|Pass|Rail,MT,0.0,0.0,0.0,0.0,0.0,0.0,0.0,0.0,0.0,0.0
FE|Transport|Pass|Rail,NL,0.010184244710133331,0.009855735961908795,0.009094369858601676,0.009381900181001516,0.010276775728805764,0.011368875480472936,0.012791030725727928,0.013286817842357709,0.014004203742018346,0.014782494982660472
FE|Transport|Pass|Rail,PL,0.01358518290195175,0.013146971570965076,0.012131354010393114,0.012514902533708974,0.013708613833606225,0.015165410610966889,0.017062481986572727,0.01772383281341855,0.01868078337141858,0.019718978068821114
FE|Transport|Pass|Rail,PT,0.00256211084684729,0.002479465952594814,0.002287924566146777,0.0023602602747619804,0.0025853894240376613,0.0028601354360616657,0.003217915466243293,0.0033426435718023036,0.0035231205975622,0.003718919941196522
FE|Transport|Pass|Rail,RO,0.0031717329969876027,0.003069423786417857,0.002832307528768992,0.002921854612244181,0.0032005504197343496,0.0035406688003265015,0.003983578102547619,0.004137983696880144,0.004361402967949239,0.004603790310307073
FE|Transport|Pass|Rail,SE,0.007060793362982761,0.006833036425167074,0.0063051770814415665,0.006504523449271578,0.007124945631620049,0.007882104448769656,0.008868092570877152,0.009211824529622091,0.009709192154143256,0.0102487857894892
FE|Transport|Pass|Rail,SI,0.0003936811448251593,0.0003809823435132236,0.00035155105158022633,0.0003626657949623926,0.0003972580146274487,0.00043947411338947226,0.0004944488042974797,0.0005136139014862945,0.0005413450990662993,0.000571430647415164
FE|Transport|Pass|Rail,SK,0.0018798009381611046,0.0018191650176109858,0.0016786325818716201,0.001731704732549538,0.0018968802504380742,0.002098459277276146,0.0023609597218678855,0.002452471769495878,0.0025848863692613192,0.002728542835299092
FE|Transport|Pass|Road|Bus,AT,0.005335410886246042,0.005977814626135801,0.005748885652102806,0.005674228488747856,0.005512032554928833,0.005191487102310836,0.004660204019738128,0.0036372633127421815,0.003016533765258788,0.0015662955556244298
FE|Transport|Pass|Road|Bus,BE,0.008503841529191718,0.009527736355336264,0.009162858043595446,0.009043865767325574,0.008785349872808084,0.008274448690109413,0.007427663458819085,0.005797250009598612,0.004807900582379588,0.002496439257798001
FE|Transport|Pass|Road|Bus,BG,0.009188448864542476,0.010294773014681359,0.009900519935328672,0.009771948107875397,0.009492620221849846,0.008940588604615886,0.008025632373334788,0.006263961420883659,0.00519496376965033,0.0026974167363033605
FE|Transport|Pass|Road|Bus,CY,0.0014911169535551108,0.0016706530995052118,0.001606673045931352,0.0015858081932786962,0.001540478393592844,0.0014508937732188379,0.0013024131353726728,0.0010165262068485017,0.0008430474679923997,0.00043774132996772286
FE|Transport|Pass|Road|Bus,CZ,0.011070476092227268,0.01240340347038665,0.011928397367223424,0.011773490770589028,0.011436949453362879,0.010771847768537166,0.00966948530963305,0.007546979492928747,0.006259024026768034,0.003249916055500296
FE|Transport|Pass|Road|Bus,DE,0.04265654059752789,0.04779255013734641,0.045962265969361794,0.04536538291996888,0.04406862853999402,0.04150587181807021,0.037258270487315386,0.029079872848002952,0.02411714819439331,0.012522512582574493
FE|Transport|Pass|Road|Bus,DK,0.005851823932596254,0.006556405765115848,0.006305318814612293,0.006223435603632899,0.006045540767128607,0.0056939698026598,0.0051112639672766256,0.003989313092554478,0.003308503291945345,0.0017178968992903744
FE|Transport|Pass|Road|Bus,EE,0.002759517921981087,0.0030917743631753924,0.0029733704351230443,0.0029347571427872396,0.0028508680861074882,0.0026850793698927444,0.0024102954367969617,0.0018812221799731675,0.0015601758074436788,0.000810100805545648
FE|Transport|Pass|Road|Bus,EL,0.013841309837933179,0.015507856125452064,0.014913960560887531,0.01472028233222835,0.014299507958462812,0.013467937715529208,0.012089664530141032,0.009435915911104986,0.007825597572844298,0.0040633388028394266
FE|Transport|Pass|Road|Bus,ES,0.033999935448051244,0.03809365684149507,0.03663480568546219,0.03615905249814041,0.03512545801078814,0.03308278033712046,0.029697175948397714,0.023178480622663016,0.019222878140473944,0.009981227110564539
FE|Transport|Pass|Road|Bus,EU27_2020,0.392634908536448,0.439909643141294,0.423062673208294,0.417568624271777,0.405632564051151,0.382043502748509,0.34294617941571,0.267667585228158,0.221987862654159,0.115264283358004
FE|Transport|Pass|Road|Bus,FI,0.010060796002600242,0.011272154062201481,0.010840470775583784,0.010699692397561725,0.010393845249629585,0.00978940400281497,0.008787582244873957,0.006858659056901271,0.005688171256961509,0.002953508249109589
FE|Transport|Pass|Road|Bus,FR,0.04838749095851828,0.054213528693637256,0.052137343954103854,0.05146026904950022,0.04998929437697627,0.04708222863807862,0.04226395767404267,0.03298678385066113,0.02735731200549071,0.014204925103616367
FE|Transport|Pass|Road|Bus,HR,0.002897365229174171,0.003246219009835405,0.0031219004028048593,0.003081358245166912,0.0029932786447424875,0.0028192082181930653,0.0025306978929128155,0.0019751956271740596,0.001638111896240489,0.0008505680964843663
FE|Transport|Pass|Road|Bus,HU,0.009051115912973254,0.010140904654016356,0.009752544183944186,0.009625894024534464,0.009350741045896331,0.008806960237092813,0.007905679180114896,0.006170338620873822,0.005117318487155006,0.0026571004427188936
FE|Transport|Pass|Road|Bus,IE,0.006856360465984711,0.007681892313350994,0.007387703243278709,0.007291763786272878,0.0070833311440471405,0.006671408760609575,0.005988674403076155,0.004674127056671459,0.003876447998737053,0.002012794732138586
FE|Transport|Pass|Road|Bus,IT,0.05141035895991305,0.05760036148625271,0.05539447313345488,0.054675099940117315,0.053112230395998425,0.05002355416591828,0.044904275713568455,0.03504753739245095,0.029066380639292493,0.015092336554537487
FE|Transport|Pass|Road|Bus,LT,0.004067524273443891,0.004557269648460587,0.004382742479208402,0.004325826558278012,0.004202174245095632,0.003957801986414141,0.0035527709812097686,0.002772917986808544,0.002299696232108972,0.001194087077400745
FE|Transport|Pass|Road|Bus,LU,0.0012858890596370194,0.0014407149875001603,0.001385540743300558,0.0013675475968253463,0.0013284567036847361,0.0012512019431000477,0.0011231572398867306,0.000876617977620288,0.0007270157537016097,0.00037749338562238365
FE|Transport|Pass|Road|Bus,LV,0.002213272249447278,0.002479758636485321,0.002384792727368964,0.002353822923655829,0.0022865396783822095,0.0021535687844638413,0.0019331782412930756,0.001508834863080067,0.0012513395152712334,0.0006497416153332585
FE|Transport|Pass|Road|Bus,MT,0.0012334247860038502,0.0013819338160101775,0.0013290106809739181,0.0013117516548748949,0.0012742556701744207,0.0012001529038215865,0.0010773324244993704,0.0008408519641333946,0.000697353510950596,0.0003620916554889966
FE|Transport|Pass|Road|Bus,NL,0.004503697842472794,0.005045960172220671,0.004852717899335979,0.004789698703121197,0.004652786758985521,0.004382209685513702,0.003933745916979371,0.0030702668048173632,0.002546299975764573,0.001322132833803865
FE|Transport|Pass|Road|Bus,PL,0.06618573861076657,0.07415475297862491,0.07131489049027595,0.0703887688466796,0.06837672930401784,0.06440036497291537,0.05780980166276322,0.04512022860249933,0.03742008245562565,0.019429886552693017
FE|Transport|Pass|Road|Bus,PT,0.008420001562503358,0.009433801738151223,0.009072520787132221,0.008954701664012533,0.008698734495727813,0.008192870323419263,0.0073544336067784466,0.005740094517457751,0.004760499155238228,0.0024718266890554137
FE|Transport|Pass|Road|Bus,RO,0.028141939247968734,0.031530335644439224,0.03032283627528206,0.02992905266604275,0.029073540651481846,0.027382804765133786,0.024580520826369634,0.019184959763815963,0.01591088517291083,0.008261518243023179
FE|Transport|Pass|Road|Bus,SE,0.007323395372444901,0.00820515999681108,0.007890931641245498,0.007788457073439871,0.0075658266188254625,0.007125845306343537,0.006396605112603038,0.004992514706143166,0.004140500120481492,0.002149900329796643
FE|Transport|Pass|Road|Bus,SI,0.0014309373455640901,0.0016032276380901953,0.0015418297391448772,0.0015218069657472614,0.0014783066198603898,0.0013923375222817478,0.0012498493765459669,0.0009755004854958667,0.0008090231307191597,0.00042007463952059294
FE|Transport|Pass|Road|Bus,SK,0.004467178593179074,0.005005043866575634,0.004813368542226213,0.004750860351371327,0.004615058588600844,0.004346675550329633,0.003901848251366562,0.0030453708542529274,0.002525652728359431,0.001311412021652181
FE|Transport|Pass|Road|LDV|Four Wheelers,AT,12960524377788.97,13734550009467.285,13676342608632.502,13677469046646.672,1250851053629.5918,1071479810257.6151,8040564929089.037,5851008662502.886,445204180125.58136,4002624532330.801
FE|Transport|Pass|Road|LDV|Four Wheelers,BE,15116555730392.996,16019343399854.098,15951452981766.676,15952766806926.96,1458934770804.256,1249724455092.868,9378142759618.28,6824345678274.623,519265548530.2505,4668475985007.86
FE|Transport|Pass|Road|LDV|Four Wheelers,BG,7514383357005.728,7963155733418.759,7929407660320.957,7930060757897.849,725231021948.1097,621233355910.0209,4661839715962.021,3392356731380.079,258124963472.79514,2320681964198.4653
FE|Transport|Pass|Road|LDV|Four Wheelers,CY,1563822310688.5955,1657216568249.4827,1650193238836.313,1650329155319.8455,150928213087.3164,129285203583.64503,970177938803.028,705985160765.1699,53718523216.95811,482958355889.93713
FE|Transport|Pass|Road|LDV|Four Wheelers,CZ,16279434622453.697,17251671493409.701,17178558434955.312,17179973329405.057,1571166980318.1345,1345862637337.4934,10099579868467.443,7349325553514.028,559211350770.5106,5027610187129.232
FE|Transport|Pass|Road|LDV|Four Wheelers,DE,122727862582971.62,130057389428591.44,129506202633772.72,129516869280104.42,11844758109070.193,10146227350112.72,76138998619363.42,55405303533400.21,4215798361789.5986,37902290004328.414
FE|Transport|Pass|Road|LDV|Four Wheelers,DK,7068574329339.567,7490722195494.468,7458976308729.004,7459590659707.286,682204931666.6506,584377179535.4382,4385264762014.416,3191096936123.1157,242811073627.81073,2183001875117.415
FE|Transport|Pass|Road|LDV|Four Wheelers,EE,2164100113313.5496,2293344031877.005,2283624776770.4663,2283812865196.756,208862452474.31677,178911709989.56638,1342583599778.3162,976979645300.5234,74338536665.1192,668343344102.1316
FE|Transport|Pass|Road|LDV|Four Wheelers,EL,14692140916764.348,15569581776587.443,15503597460634.24,15504874398631.174,1417973487037.5903,1214636993295.6685,9114840537703.818,6632744267818.466,504686566721.574,4537403113618.035
FE|Transport|Pass|Road|LDV|Four Wheelers,ES,66935074363056.766,70932556386553.3,70631942260937.11,70637759788843.08,6460063331641.836,5533694369729.089,41525774402453.28,30217735680100.027,2299272316058.3467,20671692202369.3
FE|Transport|Pass|Road|LDV|Four Wheelers,EU27_2020,640226534352189.0,678462004864356.0,675586664220426.0,675642308227177.0,61789786563611.0,52929170576245.0,397189409064838.0,289029277617694.0,21992283723441.0,197722434521154.0
FE|Transport|Pass|Road|LDV|Four Wheelers,FI,9294267482505.602,9849337713418.658,9807595949192.896,9808403741833.146,897011875008.0007,768380944192.7487,5766059997501.129,4195882663895.4546,319265379532.6345,2870367120274.4824
FE|Transport|Pass|Road|LDV|Four Wheelers,FR,98131507866075.27,103992096538996.11,103551375172608.25,103559904076040.39,9470905376243.834,8112783585271.386,60879694184194.46,44301317281024.086,3370894281011.817,30306148835497.473
FE|Transport|Pass|Road|LDV|Four Wheelers,HR,4774594164456.168,5059741443719.359,5038298120266.32,5038713094553.804,460807446301.99585,394727952377.9089,2962105025252.747,2155483142645.3909,164011055298.19058,1474547416254.7742
FE|Transport|Pass|Road|LDV|Four Wheelers,HU,10420027075763.176,11042329677442.219,10995531980448.75,10996437616228.96,1005661612650.7986,861450378747.9186,6464468706923.779,4704105089165.0625,357936104738.2954,3218037695486.827
FE|Transport|Pass|Road|LDV|Four Wheelers,IE,6009427005025.151,6368320703922.144,6341331585559.901,6341853882870.143,579984102636.1462,496814752197.535,3728181562108.1313,2712946516526.6206,206428532118.78842,1855903299467.2966
FE|Transport|Pass|Road|LDV|Four Wheelers,IT,102272364367045.97,108380252375659.27,107920933884099.19,107929822681779.28,9870549292353.02,8455118818679.666,63448635423574.734,46170700536757.31,3513135950391.4663,31584977788132.363
FE|Transport|Pass|Road|LDV|Four Wheelers,LT,4250657136561.7007,4504513962047.368,4485423707938.275,4485793145288.513,410241036774.5786,351412733728.4707,2637060330397.732,1918952582657.391,146013407352.63855,1312738901404.8027
FE|Transport|Pass|Road|LDV|Four Wheelers,LU,1133860848976.1272,1201577041182.679,1196484724621.759,1196583271866.1323,109431609113.10973,93739186155.27031,703434638213.2946,511879724619.90594,38949009695.164024,350172502135.71356
FE|Transport|Pass|Road|LDV|Four Wheelers,LV,1953924894373.0398,2070616774001.8398,2061841443142.3306,2062011264610.4822,188577941879.2743,161535985277.59695,1212193235537.1304,882096368141.4742,67118853008.531906,603434513031.9187
FE|Transport|Pass|Road|LDV|Four Wheelers,MT,809505667070.7152,857850789307.8511,854215194059.7172,854285550623.1936,78127318545.05965,66923910890.66143,502208297042.5319,365450079974.6154,27807154734.638298,250001245908.75656
FE|Transport|Pass|Road|LDV|Four Wheelers,NL,22665001355734.832,24018595661026.0,23916804191762.992,23918774074953.99,2187453223337.3699,1873773826138.5315,14061114327363.852,10232079767953.615,778560577642.8112,6999677467313.37
FE|Transport|Pass|Road|LDV|Four Wheelers,PL,54483999238356.695,57737880848201.27,57493186120557.07,57497921488210.195,5258380437912.404,4504332036598.482,33801266114140.066,24596717094081.78,1871568117447.844,16826401896567.617
FE|Transport|Pass|Road|LDV|Four Wheelers,PT,14616779991537.64,15489720162495.676,15424074302260.318,15425344690413.396,1410700224785.65,1208406712212.2014,9068087459299.059,6598722694812.412,502097859818.12805,4514129249127.761
FE|Transport|Pass|Road|LDV|Four Wheelers,RO,20263312733920.277,21473473911167.613,21382468737907.402,21384229883142.82,1955660538449.1494,1675220064439.6748,12571133463916.049,9147841158368.217,696060689318.5166,6257959191379.334
FE|Transport|Pass|Road|LDV|Four Wheelers,SE,12439004478644.82,13181884011785.67,13126018824655.203,13127099935812.031,1200517926950.612,1028364421844.9225,7717019793981.173,5615569311546.577,427289562448.8808,3841562504162.372
FE|Transport|Pass|Road|LDV|Four Wheelers,SI,3075940062741.2725,3259640689403.2715,3245826242475.292,3246093581644.216,296866296164.3049,254295858618.03464,1908278945475.5586,1388628378592.5916,105660954281.67984,949948690055.0642
FE|Transport|Pass|Road|LDV|Four Wheelers,SK,6609887279624.043,7004641537075.335,6974955673514.354,6975530158626.538,637935952827.6329,546456344029.81036,4100700426663.106,2984023377752.0713,227054813622.40656,2041344640862.2832
FE|Transport|Pass|Road|LDV|Two Wheelers,AT,0.0049880719393796055,0.006041595640671895,0.005683973781094287,0.0054629011860594335,0.004913162801493736,0.004333534899860087,0.004411343161559101,0.003915215775237363,0.0035966941600145035,0.0033497976888832537
FE|Transport|Pass|Road|LDV|Two Wheelers,BE,0.004311165109110674,0.005221720265056833,0.004912629517769411,0.004721557602633129,0.004246421523706955,0.0037454520877888307,0.003812701371101907,0.00338390100423098,0.0031086043985013604,0.002895213039106495
FE|Transport|Pass|Road|LDV|Two Wheelers,BG,0.001215467856494429,0.0014721851233137767,0.0013850416577866115,0.0013311718186017954,0.0011972143809302197,0.0010559736186226414,0.0010749335378487906,0.000954039754012211,0.0008764240360339686,0.0008162615668095846
FE|Transport|Pass|Road|LDV|Two Wheelers,CY,0.00022469860592352873,0.00027215688436552256,0.0002560470258327158,0.00024608832745868906,0.00022132416003372435,0.0001952135539650275,0.0001987185972253451,0.00017636945442592433,0.0001620209518848826,0.00015089896055339217
FE|Transport|Pass|Road|LDV|Two Wheelers,CZ,0.009388175552706646,0.011371038987089964,0.010697949897757868,0.010281863610851236,0.009247187181744637,0.008156254941408805,0.00830269982615763,0.007368926004147898,0.006769428467346974,0.006304738414257596
FE|Transport|Pass|Road|LDV|Two Wheelers,DE,0.02807200464942102,0.034001053508453866,0.03198841964374544,0.030744261381575346,0.027650429000037387,0.02438838359505116,0.0248262750109576,0.022034156038980394,0.020241571575054376,0.01885208101241744
FE|Transport|Pass|Road|LDV|Two Wheelers,DK,0.0010536951601225926,0.0012762446418897288,0.001200699536051132,0.0011539995032017786,0.001037871130918813,0.0009154288081043282,0.0009318652568496928,0.000827061831372933,0.0007597763775074658,0.0007076212322240755
FE|Transport|Pass|Road|LDV|Two Wheelers,EE,0.0003603085008560004,0.00043640875563221793,0.00041057629016986747,0.00039460732735910645,0.0003548975125021656,0.000313028657595894,0.00031864906132456804,0.00028281178452269724,0.00025980368699204004,0.000241969361733491
FE|Transport|Pass|Road|LDV|Two Wheelers,EL,0.009250795363643578,0.01120464292034411,0.010541403359903929,0.010131405797312355,0.009111870120810106,0.008036901842438016,0.008181203752139009,0.007261094142466344,0.006670369245725906,0.006212479151477386
FE|Transport|Pass|Road|LDV|Two Wheelers,ES,0.031258314138886224,0.0378603389709203,0.03561926134303831,0.034233885047932656,0.030788887596453304,0.02715658412266228,0.027644178350722064,0.024535140252831624,0.022539088706329685,0.020991884185585955
FE|Transport|Pass|Road|LDV|Two Wheelers,EU27_2020,0.187039755803735,0.226544161156731,0.213134269299038,0.204844620574493,0.184230857490335,0.1624963150667,0.165413923001101,0.146810433253376,0.134866699110499,0.125608722034303
FE|Transport|Pass|Road|LDV|Two Wheelers,FI,0.003494861027375324,0.0042330057393620895,0.003982440247371466,0.0038275471331586566,0.00344237641412731,0.0030362637941776607,0.003090779660172474,0.0027431711476767462,0.002520000994369482,0.0023470145448475804
FE|Transport|Pass|Road|LDV|Two Wheelers,FR,0.001630816411229424,0.0019752588656620925,0.0018583368154788935,0.0017860586245390983,0.0016063253748330008,0.0014168199495146565,0.0014422588348495318,0.0012800533387165947,0.0011759148491860387,0.0010951937164740768
FE|Transport|Pass|Road|LDV|Two Wheelers,HR,0.0009013372098090308,0.0010917073818776757,0.0010270856416550419,0.0009871381512427967,0.0008878012395680629,0.0007830633364393209,0.0007971231740583837,0.0007074736903437,0.00064991730635046,0.0006053034797846758
FE|Transport|Pass|Road|LDV|Two Wheelers,HU,0.0011305527480294495,0.0013693352134961153,0.0012882797714306277,0.0012381733910760294,0.0011135744981728688,0.0009822011088171472,0.0009998364487144617,0.000887388555661726,0.0008151952329163104,0.0007592358387238271
FE|Transport|Pass|Road|LDV|Two Wheelers,IE,0.00025347393233746146,0.0003070098072451692,0.00028883688990584026,0.00027760286187325723,0.0002496673485554517,0.00022021296912686113,0.00022416687482446914,0.00019895565873143925,0.00018276965994749633,0.00017022336547170655
FE|Transport|Pass|Road|LDV|Two Wheelers,IT,0.05524174402574639,0.06690927555679405,0.06294869610547707,0.060500368203545936,0.0544121426345533,0.04799289757125755,0.04885460608871727,0.04336010993621054,0.03983255665537374,0.03709823529336288
FE|Transport|Pass|Road|LDV|Two Wheelers,LT,0.0004220273916822881,0.0005111632071106347,0.0004809057805056608,0.0004622014210279189,0.0004156895303885165,0.0003666487678563001,0.0003732319162421376,0.0003312559084106315,0.0003043066486363926,0.00028341740024675485
FE|Transport|Pass|Road|LDV|Two Wheelers,LU,0.00018863288640808004,0.00022847377464891918,0.00021494966264039436,0.0002065894059692896,0.0001858000630106874,0.0001638803943578305,0.00016682285332174552,0.0001480609064121334,0.00013601544026949297,0.00012667860740912942
FE|Transport|Pass|Road|LDV|Two Wheelers,LV,0.00039312331660432413,0.00047615434274160957,0.0004479692056313294,0.00043054588198511207,0.0003872195267056311,0.00034153749848793734,0.0003476697761034319,0.0003085686472625967,0.00028346510519095794,0.00026400653266662246
FE|Transport|Pass|Road|LDV|Two Wheelers,MT,0.00021826653724896865,0.00026436630745785316,0.0002487175987216576,0.0002390439712388707,0.00021498868594021473,0.0001896255042299289,0.00019303021451815258,0.0001713208230011779,0.00015738305088430483,0.00014657943007295176
FE|Transport|Pass|Road|LDV|Two Wheelers,NL,0.010265924934357198,0.01243417658859817,0.01169815689803902,0.011243168539159493,0.010111754826993152,0.00891882565509149,0.009078962434108004,0.008057885238799696,0.007402337557934696,0.006894201213873398
FE|Transport|Pass|Road|LDV|Two Wheelers,PL,0.017540095704203364,0.021244714797891022,0.019987170456281827,0.019209789030830655,0.017276684617994986,0.0152384764704306,0.015512082058594626,0.013767495784916725,0.012647443852473812,0.011779255144431476
FE|Transport|Pass|Road|LDV|Two Wheelers,PT,0.00022775102216691397,0.0002758539971765792,0.0002595252944116862,0.00024943131218685443,0.00022433073614648602,0.00019786543077842707,0.00020141808826820367,0.00017876534373424474,0.00016422192408615413,0.00015294884616087067
FE|Transport|Pass|Road|LDV|Two Wheelers,RO,0.001028578441578594,0.0012458230563337119,0.0011720787039127389,0.0011264918503067411,0.0010131316065603673,0.0008936079166450286,0.0009096525730840186,0.0008073473256759901,0.0007416657415736217,0.0006907538079460123
FE|Transport|Pass|Road|LDV|Two Wheelers,SE,0.002242506678632173,0.0027161433793368318,0.0025553659450347536,0.0024559774885623592,0.002208829489521598,0.0019482439453811342,0.0019832245047301843,0.0017601786082796216,0.0016169796211545863,0.0015059814254245933
FE|Transport|Pass|Road|LDV|Two Wheelers,SI,0.0008232350514830683,0.000997109375873799,0.0009380872018637225,0.0009016012186287558,0.000810871992422678,0.000715209778396601,0.0007280513109775372,0.0006461700832437738,0.000593601042240914,0.0005528530675539245
FE|Transport|Pass|Road|LDV|Two Wheelers,SK,0.0009141316082984424,0.0011072040673862377,0.0010416650275264759,0.0010011504861754433,0.0009004034962094303,0.0007941788482142932,0.0008084382639304733,0.0007175162140701417,0.0006591428225192361,0.0006138957068037218
